{
    "version": 8,
    "configurePresets": [
        {
            "name": "GCC 11.4.0 x86_64-linux-gnu",
            "displayName": "GCC 11.4.0 x86_64-linux-gnu",
            "description": "使用编译器: C = /usr/bin/gcc, CXX = /usr/bin/g++",
            "binaryDir": "${sourceDir}/out/build/${presetName}",
            "cacheVariables": {
                "CMAKE_INSTALL_PREFIX": "${sourceDir}/out/install/${presetName}",
                "CMAKE_C_COMPILER": "/usr/bin/gcc",
                "CMAKE_CXX_COMPILER": "/usr/bin/g++",
                "CMAKE_BUILD_TYPE": "Debug"
            }
        }
    ]
}